title,category,link
Axa Sun Life cuts bonus payments,business,article-apr-1897.html
BT boosts its broadband packages,technology,article-apr-2967.html
Bates seals takeover,sport,article-apr-2939.html
Beckham virus spotted on the net,technology,article-apr-0145.html
Broadband fuels online expression,technology,article-apr-1938.html
Broadband in the UK gathers pace,technology,article-apr-1748.html
Burren awarded Egyptian contracts,business,article-apr-2559.html
Business fears over sluggish EU economy,business,article-apr-1306.html
Candela completes Bolton switch,sport,article-apr-2454.html
Cannabis hopes for drug firm,business,article-apr-0039.html
Castaignede fires Laporte warning,sport,article-apr-1044.html
Casual gaming to 'take off',technology,article-apr-2151.html
Chelsea sack Mutu,sport,article-apr-2808.html
China Aviation seeks rescue deal,business,article-apr-4324.html
Classy Henman makes winning start,sport,article-apr-2873.html
Collins banned in landmark case,sport,article-apr-4741.html
Concerns over Windows ATMs,technology,article-apr-0433.html
Connors boost for British tennis,sport,article-apr-4890.html
Crossrail link 'to get go-ahead',business,article-apr-4575.html
Cyber crime booms in 2004,technology,article-apr-0228.html
Disney backs Sony DVD technology,technology,article-apr-4827.html
Dollar slides ahead of New Year,business,article-apr-1926.html
Economy 'stronger than forecast',business,article-apr-1571.html
Electrolux to export Europe jobs,business,article-apr-1904.html
Ethiopia's crop production up 24%,business,article-apr-3933.html
FA charges Liverpool and Millwall,sport,article-apr-4960.html
FA probes crowd trouble,sport,article-apr-4241.html
Format wars could 'confuse users',technology,article-apr-4901.html
GM in crunch talks on Fiat future,business,article-apr-0724.html
Game makers get Xbox 2 sneak peek,technology,article-apr-4907.html
Gamers could drive high-definition,technology,article-apr-3088.html
Google launches TV search service,technology,article-apr-0395.html
Harinordoquy suffers France axe,sport,article-apr-4460.html
Hearts of Oak 3-2 Cotonsport,sport,article-apr-0524.html
Hodges announces rugby retirement,sport,article-apr-3536.html
Holmes feted with further honour,sport,article-apr-4694.html
Honour for UK games maker,technology,article-apr-3827.html
Houllier praises Benitez regime,sport,article-apr-2270.html
Humanoid robot learns how to run,technology,article-apr-0205.html
Ireland v USA (Sat),sport,article-apr-1858.html
Isinbayeva heads for Birmingham,sport,article-apr-3390.html
Israeli club look to Africa,sport,article-apr-3841.html
Junk e-mails on relentless rise,technology,article-apr-4467.html
Kluft impressed by Sotherton form,sport,article-apr-3842.html
Latin America sees strong growth,business,article-apr-3718.html
Libya takes $1bn in unfrozen funds,business,article-apr-0784.html
Loyalty cards idea for TV addicts,technology,article-apr-2677.html
Man City 1-1 Newcastle,sport,article-apr-3475.html
McCall earns Tannadice reprieve,sport,article-apr-2558.html
McClaren eyes Uefa Cup top spot,sport,article-apr-2706.html
McClaren hails Boro's Uefa spirit,sport,article-apr-4921.html
McIlroy aiming for Madrid title,sport,article-apr-0240.html
Microsoft makes anti-piracy move,technology,article-apr-2106.html
Microsoft seeking spyware trojan,technology,article-apr-0622.html
Mild winter drives US oil down 6%,business,article-apr-4699.html
Millions to miss out on the net,technology,article-apr-4622.html
Minister digs in over doping row,sport,article-apr-2061.html
Mirza makes Indian tennis history,sport,article-apr-0646.html
Mitsubishi in Peugeot link talks,business,article-apr-4064.html
Mobile multimedia slow to catch on,technology,article-apr-4854.html
Mobiles 'not media players yet',technology,article-apr-4446.html
Morientes admits to Reds struggle,sport,article-apr-0150.html
Mourinho plots impressive course,sport,article-apr-3146.html
Mourinho says race is almost over,sport,article-apr-1270.html
Moya sidesteps Davis Cup in 2005,sport,article-apr-2879.html
Nadal marches on in Mexico,sport,article-apr-1276.html
Nintendo adds media playing to DS,technology,article-apr-0061.html
O'Connell rejects Lions rumours,sport,article-apr-1620.html
O'Driscoll concern at Fifa ruling,sport,article-apr-2704.html
Oil prices fall back from highs,business,article-apr-4823.html
Ore costs hit global steel firms,business,article-apr-0564.html
Parry relishes Anfield challenge,sport,article-apr-0338.html
Peugeot deal boosts Mitsubishi,business,article-apr-4399.html
PlayStation 3 chip to be unveiled,technology,article-apr-4686.html
Portable PlayStation ready to go,technology,article-apr-2813.html
Premier League planning Cole date,sport,article-apr-0953.html
Qantas sees profits fly to record,business,article-apr-2019.html
Radcliffe yet to answer GB call,sport,article-apr-0042.html
Redknapp's Saints face Pompey tie,sport,article-apr-4569.html
Reds sink 10-man Magpies,sport,article-apr-2560.html
Reliance unit loses Anil Ambani,business,article-apr-1918.html
Rich pickings for hi-tech thieves,technology,article-apr-0857.html
Robinson out of Six Nations,sport,article-apr-0028.html
Rovers reject third Ferguson bid,sport,article-apr-1068.html
Saint-Andre anger at absent stars,sport,article-apr-4171.html
Salary scandal in Cameroon,business,article-apr-4618.html
Slimmer PlayStation triple sales,technology,article-apr-1300.html
Slovakia seal Hopman Cup success,sport,article-apr-1815.html
Smart search lets art fans browse,technology,article-apr-3833.html
Smith keen on Home series return,sport,article-apr-1205.html
South Africa sweep top awards,sport,article-apr-3471.html
Speak easy plan for media players,technology,article-apr-4435.html
Speech takes on search engines,technology,article-apr-0484.html
Tokyo says deflation 'controlled',business,article-apr-1009.html
Turkey turns on the economic charm,business,article-apr-0361.html
Turkey-Iran mobile deal 'at risk',business,article-apr-4474.html
UK 'risks breaking golden rule',business,article-apr-3423.html
UK firm faces Venezuelan land row,business,article-apr-3100.html
UK pioneers digital film network,technology,article-apr-0865.html
US bank in $515m SEC settlement,business,article-apr-0134.html
US crude prices surge above $53,business,article-apr-2219.html
Umaga ready for Lions,sport,article-apr-0182.html
Umbro profits lifted by Euro 2004,business,article-apr-4228.html
Virgin Radio offers 3G broadcast,technology,article-apr-3753.html
Virus poses as Christmas e-mail,technology,article-apr-2040.html
Voters flock to blog awards site,technology,article-apr-4036.html
Wales want rugby league training,sport,article-apr-4395.html
Wales win in Rome,sport,article-apr-4277.html
Warning over tsunami aid website,technology,article-apr-1102.html
Wolves appoint Hoddle as manager,sport,article-apr-3992.html
Wood - Ireland can win Grand Slam,sport,article-apr-3250.html
World leaders gather to face uncertainty,business,article-apr-4031.html
Worthington praises classy Villa,sport,article-apr-0896.html
Yachvili savours France comeback,sport,article-apr-3567.html
Yukos heading back to US courts,business,article-apr-3586.html
Yukos seeks court action on sale,business,article-apr-4951.html
Yukos unit fetches $9bn at auction,business,article-apr-0345.html
