title,category,link
2004 - A year to remember,sport,article-dec-0244.html
Absa and Barclays talks continue,business,article-dec-0895.html
Ask Jeeves joins web log market,technology,article-dec-4490.html
Ask Jeeves tips online ad revival,business,article-dec-0891.html
BMW cash to fuel Mini production,business,article-dec-0672.html
Bad e-mail habits sustains spam,technology,article-dec-3487.html
Bad weather hits Nestle sales,business,article-dec-0478.html
Barbarians 19-47 New Zealand,sport,article-dec-2633.html
Big guns ease through in San Jose,sport,article-dec-4269.html
Blues slam Blackburn over Savage,sport,article-dec-1656.html
Borussia Dortmund near bust,business,article-dec-3628.html
Brazil buy boosts Belgium's Inbev,business,article-dec-2267.html
Broadband soars in 2004,technology,article-dec-4194.html
China 'ripe' for media explosion,technology,article-dec-2360.html
China continues breakneck growth,business,article-dec-2956.html
Chinese wine tempts Italy's Illva,business,article-dec-4469.html
Consumer spending lifts US growth,business,article-dec-2115.html
Could Yukos be a blessing in disguise?,business,article-dec-0625.html
Cup holders Man Utd visit Everton,sport,article-dec-2771.html
D'Arcy injury adds to Ireland woe,sport,article-dec-0788.html
Dallaglio eyeing Lions tour place,sport,article-dec-1911.html
Delta cuts fares in survival plan,business,article-dec-3413.html
Dollar gains on Greenspan speech,business,article-dec-0038.html
Dozens held over ID fraud site,technology,article-dec-0035.html
Economy 'strong' in election year,business,article-dec-4444.html
Edu describes tunnel fracas,sport,article-dec-4307.html
European medal chances improve,sport,article-dec-4450.html
Federer breezes into semi-finals,sport,article-dec-3044.html
Federer claims Dubai crown,sport,article-dec-3401.html
Ferdinand casts doubt over Glazer,sport,article-dec-1775.html
File-swappers ready new network,technology,article-dec-2589.html
France Telecom gets Orange boost,business,article-dec-3264.html
Game firm holds 'cast' auditions,technology,article-dec-0784.html
Games maker fights for survival,technology,article-dec-2635.html
Games win for Blu-ray DVD format,technology,article-dec-3589.html
Gizmondo gadget hits the shelves,technology,article-dec-3518.html
Glaxo aims high after profit fall,business,article-dec-0473.html
Global digital divide 'narrowing',technology,article-dec-2110.html
Google shares fall as staff sell,business,article-dec-2790.html
Hamm bows out for US,sport,article-dec-0180.html
Harinordoquy suffers France axe,sport,article-dec-3784.html
Hewitt overcomes wobble in Sydney,sport,article-dec-3423.html
Hollywood campaign hits websites,technology,article-dec-4596.html
House prices rebound says Halifax,business,article-dec-1585.html
India calls for fair trade rules,business,article-dec-2351.html
India opens skies to competition,business,article-dec-2624.html
Industrial output falls in Japan,business,article-dec-1865.html
Irish markets reach all-time high,business,article-dec-0232.html
Japan narrowly escapes recession,business,article-dec-4377.html
Japan turns to beer alternatives,business,article-dec-4926.html
Joke e-mail virus tricks users,technology,article-dec-1263.html
Jones files lawsuit against Conte,sport,article-dec-1718.html
Jones happy with Henson heroics,sport,article-dec-2008.html
Jones medals 'must go if guilty',sport,article-dec-4999.html
Lewsey puzzle over disallowed try,sport,article-dec-3411.html
Lifestyle 'governs mobile choice',technology,article-dec-2288.html
Linesman defends disallowed goal,sport,article-dec-1460.html
London Irish 19-33 Wasps,sport,article-dec-3392.html
Melzer shocks Agassi,sport,article-dec-0393.html
Microsoft plans 'safer ID' system,technology,article-dec-1629.html
Millions to miss out on the net,technology,article-dec-1156.html
Mobile games come of age,technology,article-dec-0557.html
Mobile gig aims to rock 3G,technology,article-dec-4844.html
Moya fights back for Indian title,sport,article-dec-3260.html
Multi-purpose TV aids India,technology,article-dec-1963.html
Munster Cup tie switched to Spain,sport,article-dec-3608.html
Nortel in $300m profit revision,business,article-dec-4161.html
Officials respond in court row,sport,article-dec-0910.html
Oil rebounds from weather effect,business,article-dec-4820.html
Parry firm over Gerrard,sport,article-dec-2402.html
Parry puts Gerrard 'above money',sport,article-dec-1135.html
Piero gives rugby perspective,technology,article-dec-0909.html
Players sought for $1m prize,technology,article-dec-4678.html
QPR keeper Day heads for Preston,sport,article-dec-0712.html
Renault boss hails 'great year',business,article-dec-0481.html
Report: Benitez delight after crucial win,technology,article-dec-3993.html
Rings of steel combat net attacks,technology,article-dec-3175.html
Saudi NCCI's shares soar,business,article-dec-3052.html
Savvy searchers fail to spot ads,technology,article-dec-3186.html
Scots suffer another injury blow,sport,article-dec-0204.html
Search wars hit desktop PCs,technology,article-dec-4675.html
Security warning over 'FBI virus',technology,article-dec-2813.html
Slow start to speedy net services,technology,article-dec-3030.html
Sony PSP handheld console hits US,technology,article-dec-3403.html
Sony PSP tipped as a 'must-have',technology,article-dec-2445.html
Stevens named in England line-up,sport,article-dec-4353.html
T-Mobile bets on 'pocket office',technology,article-dec-2117.html
Takeover offer for Sunderland FC,business,article-dec-3966.html
The future in your pocket,technology,article-dec-1690.html
The gloves are off,sport,article-dec-3207.html
Tigers wary of Farrell 'gamble',sport,article-dec-2963.html
Troubled Marsh under SEC scrutiny,business,article-dec-2023.html
UK gets official virus alert site,technology,article-dec-2397.html
US blogger fired by her airline,technology,article-dec-3903.html
US company admits Benin bribery,business,article-dec-3692.html
US seeks new $280bn smoker ruling,business,article-dec-0367.html
US woman sues over cartridges,technology,article-dec-3169.html
Uefa approves fake grass,sport,article-dec-0271.html
Unclear future for striker Baros,sport,article-dec-4210.html
Venezuela reviews foreign deals,business,article-dec-0983.html
Vickery out of Six Nations,sport,article-dec-3570.html
Wales make two changes for France,sport,article-dec-2331.html
Warning over tsunami aid website,technology,article-dec-3694.html
Weak dollar hits Online News,business,article-dec-1576.html
Wenger dejected as Arsenal slump,sport,article-dec-4918.html
What high-definition will do to DVDs,technology,article-dec-2759.html
What's next for next-gen consoles?,technology,article-dec-4347.html
Why few targets are better than many,business,article-dec-3179.html
Wi-fi web reaches farmers in Peru,technology,article-dec-1456.html
Woodward eyes Brennan for Lions,sport,article-dec-2238.html
WorldCom trial starts in New York,business,article-dec-2334.html
Yukos accused of lying to court,business,article-dec-2095.html
Yukos drops banks from court bid,business,article-dec-1351.html
Zambia confident and cautious,sport,article-dec-0068.html
