title,category,link
All Black magic: New Zealand rugby,sport,article-nov-3410.html
Anelka 'eyes Man City departure',sport,article-nov-3432.html
Apple Mac mini gets warm welcome,technology,article-nov-3526.html
Apple laptop is 'greatest gadget',technology,article-nov-1412.html
Asia quake increases poverty risk,business,article-nov-2347.html
Ask Jeeves joins web log market,technology,article-nov-2329.html
Australia rates at four year high,business,article-nov-0186.html
BMW reveals new models pipeline,business,article-nov-0386.html
BMW to recall faulty diesel cars,business,article-nov-1815.html
Ban on forced retirement under 65,business,article-nov-3071.html
Bank opts to leave rates on hold,business,article-nov-3512.html
Bank voted 8-1 for no rate change,business,article-nov-3037.html
Barclays profits hit record level,business,article-nov-4414.html
Beckham rules out management move,sport,article-nov-4953.html
Boeing secures giant Japan order,business,article-nov-2298.html
Bookies pay out on Spurs 'goal',sport,article-nov-3205.html
Booming markets shed few tears,business,article-nov-0449.html
Borders 19-20 Ulster,sport,article-nov-4384.html
Bortolami predicts dour contest,sport,article-nov-4904.html
Brentford v Southampton,sport,article-nov-3590.html
Bridge could miss rest of season,sport,article-nov-3584.html
Britons growing 'digitally obese',technology,article-nov-4254.html
Broadband fuels online change,technology,article-nov-2334.html
Budget Aston takes on Porsche,business,article-nov-2909.html
Campbell rescues Arsenal,sport,article-nov-3579.html
Car giant hit by Mercedes slump,business,article-nov-2737.html
Celtic unhappy over Bulgaria date,sport,article-nov-4176.html
Collins to compete in Birmingham,sport,article-nov-1674.html
Computer grid to help the world,technology,article-nov-1801.html
Connors' rallying cry for British tennis,sport,article-nov-4606.html
Consumers 'snub portable video',technology,article-nov-2647.html
Court rejects $280bn tobacco case,business,article-nov-3091.html
Criminal probe on Citigroup deals,business,article-nov-2546.html
Dawson joins England injury list,sport,article-nov-4461.html
Desailly backs Blues revenge trip,sport,article-nov-2714.html
Digital UK driven by net and TV,technology,article-nov-2130.html
Disney settles disclosure charges,business,article-nov-3500.html
Downing injury mars Uefa victory,sport,article-nov-1451.html
Duff ruled out of Barcelona clash,sport,article-nov-0372.html
ECB holds rates amid growth fears,business,article-nov-4242.html
EU software patent law delayed,technology,article-nov-2953.html
Fiat mulls Ferrari market listing,business,article-nov-1329.html
Finding new homes for old phones,technology,article-nov-2527.html
Firefox browser takes on Microsoft,technology,article-nov-3879.html
France starts digital terrestrial,technology,article-nov-4060.html
G7 backs Africa debt relief plan,business,article-nov-3626.html
GB select Holmes for double bid,sport,article-nov-3702.html
"GM, Ford cut output as sales fall",business,article-nov-0130.html
Gallas sees two-horse race,sport,article-nov-4260.html
Games enter the classroom,technology,article-nov-3907.html
Gardener battles to narrow win,sport,article-nov-0746.html
Gold falls on IMF sale concerns,business,article-nov-0232.html
Green reports shun supply chain,business,article-nov-1428.html
Half-Life 2 sweeps Bafta awards,technology,article-nov-1085.html
Hearts 2-1 Livingston,sport,article-nov-1407.html
Hingis to make unexpected return,sport,article-nov-3342.html
Hitzlsperger waiting on O'Leary,sport,article-nov-4180.html
How to make a greener computer,technology,article-nov-1466.html
IAAF to rule on Greek sprint pair,sport,article-nov-4049.html
IMF 'cuts' German growth estimate,business,article-nov-4897.html
Indonesians face fuel price rise,business,article-nov-0748.html
Internet boom for gift shopping,technology,article-nov-1277.html
Iranian misses Israel match,sport,article-nov-0580.html
Japanese banking battle at an end,business,article-nov-3296.html
Johnson announces June retirement,sport,article-nov-4356.html
Johnson edges out rival Sotherton,sport,article-nov-3617.html
Jol joy at 'professional' Cup win,sport,article-nov-1260.html
Jones files Conte lawsuit,sport,article-nov-0628.html
Junk e-mails on relentless rise,technology,article-nov-0654.html
Karachi stocks hit historic high,business,article-nov-0518.html
Kenyan school turns to handhelds,technology,article-nov-2968.html
Looks and music to drive mobiles,technology,article-nov-3867.html
McDonald's to sponsor MTV show,business,article-nov-0420.html
Mexicans tracking unhappy Juninho,sport,article-nov-4250.html
Microsoft gets the blogging bug,technology,article-nov-4495.html
Millions go missing at China bank,business,article-nov-2769.html
Mobile music challenges 'iPod age',technology,article-nov-1623.html
Moody joins up with England,sport,article-nov-4572.html
Mourinho defiant on Chelsea form,sport,article-nov-1118.html
Movie body hits peer-to-peer nets,technology,article-nov-4319.html
Moya emotional at Davis Cup win,sport,article-nov-0662.html
Newry to fight cup exit in courts,sport,article-nov-0319.html
Norway upholds 'Napster' ruling,technology,article-nov-1730.html
Online News web search aids odd queries,technology,article-nov-4517.html
PC photo printers challenge pros,technology,article-nov-1386.html
Palace threat over Cantona masks,sport,article-nov-3935.html
Parmalat bank barred from suing,business,article-nov-0317.html
Pennant guilty of wasting talent,sport,article-nov-0906.html
Player burn-out worries Robinson,sport,article-nov-2832.html
Qwest may spark MCI bidding war,business,article-nov-1255.html
Rank 'set to sell off film unit',business,article-nov-4235.html
Reaction from Spanish press,sport,article-nov-2326.html
Retail sales show festive fervour,business,article-nov-1637.html
Roddick to face Saulnier in final,sport,article-nov-0761.html
Rush future at Chester uncertain,sport,article-nov-4428.html
Russian oil merger excludes Yukos,business,article-nov-4174.html
S Korean credit card firm rescued,business,article-nov-2399.html
Scrum-half Williams rejoins Bath,sport,article-nov-2282.html
Smartphones suffer Skulls attack,technology,article-nov-1288.html
Software watching while you work,technology,article-nov-3650.html
Sports Direct investors veto £11m payout to Ashley's brother,sport,article-nov-0435.html
Survey confirms property slowdown,business,article-nov-1149.html
Tartan Army given safety pledge,sport,article-nov-0147.html
Teenager Tait picked for England,sport,article-nov-1264.html
Text message record smashed again,technology,article-nov-2018.html
Thomas out of Six Nations,sport,article-nov-2115.html
Tobacco giants hail court ruling,business,article-nov-4659.html
Toxic web links help virus spread,technology,article-nov-2397.html
Tsunami slows Sri Lanka's growth,business,article-nov-1341.html
UK young top Euro earnings league,business,article-nov-3574.html
US duo in first spam conviction,technology,article-nov-2226.html
US regulator to rule on pain drug,business,article-nov-0560.html
US state acts to stop 'spammers',technology,article-nov-4374.html
US to probe airline travel chaos,business,article-nov-0575.html
Wales hails new superstar,sport,article-nov-1388.html
Wall Street cheers Bush victory,business,article-nov-3587.html
What price for 'trusted PC security'?,technology,article-nov-0584.html
Wilkinson to lead England,sport,article-nov-4426.html
Windows worm travels with Tetris,technology,article-nov-2469.html
Winter freeze keeps oil above $50,business,article-nov-1794.html
Worldcom ex-boss launches defence,business,article-nov-1348.html
