title,category,link
A year to remember for Irish,sport,article-mar-1126.html
An Irish Athletics Year,sport,article-mar-3331.html
Arnesen denies rift with Santini,sport,article-mar-3141.html
Asia shares defy post-quake gloom,business,article-mar-3697.html
Bank payout to Pinochet victims,business,article-mar-3655.html
Barcelona title hopes hit by loss,sport,article-mar-2120.html
Bargain calls widen Softbank loss,business,article-mar-2380.html
Bayern Munich 3-1 Arsenal,sport,article-mar-1445.html
Benitez deflects blame from Dudek,sport,article-mar-1627.html
Blog reading explodes in America,technology,article-mar-0220.html
Broadband challenges TV viewing,technology,article-mar-1595.html
Broadband in the UK growing fast,technology,article-mar-4085.html
Calder fears for Scottish rugby,sport,article-mar-2495.html
Captains lining up for Aid match,sport,article-mar-4902.html
Celts savour Grand Slam prospect,sport,article-mar-3484.html
Chelsea ridiculed over complaint,sport,article-mar-1905.html
China keeps tight rein on credit,business,article-mar-1702.html
China net cafe culture crackdown,technology,article-mar-4607.html
China suspends 26 power projects,business,article-mar-4510.html
Christmas shoppers flock to tills,business,article-mar-1543.html
Collins named UK Athletics chief,sport,article-mar-0210.html
Court mulls file-sharing future,technology,article-mar-1989.html
Crude oil prices back above $50,business,article-mar-4293.html
Cyber criminals step up the pace,technology,article-mar-0521.html
DVD copy protection strengthened,technology,article-mar-3692.html
Deutsche attacks Yukos case,business,article-mar-2874.html
Disappointed Scott in solid start,sport,article-mar-3420.html
Durex maker SSL awaits firm bid,business,article-mar-3360.html
EA to take on film and TV giants,technology,article-mar-0037.html
Edu blasts Arsenal,sport,article-mar-2432.html
Europe backs digital TV lifestyle,technology,article-mar-1244.html
Farrell saga to drag on - Lindsay,sport,article-mar-1251.html
Featured: 'Golden economic period' to end,business,article-mar-0183.html
Feta cheese battle reaches court,business,article-mar-2000.html
Firms pump billions into pensions,business,article-mar-3083.html
First look at PlayStation 3 chip,technology,article-mar-3722.html
Ford gains from finance not cars,business,article-mar-1165.html
Fuming Robinson blasts officials,sport,article-mar-2123.html
GB quartet get cross country call,sport,article-mar-3909.html
Gadget market 'to grow in 2005',technology,article-mar-0579.html
Gadgets galore on show at fair,technology,article-mar-3023.html
Games help you 'learn and play',technology,article-mar-0977.html
Gaming firm to sell UK dog tracks,business,article-mar-4216.html
Germany nears 1990 jobless level,business,article-mar-2195.html
Greek pair attend drugs hearing,sport,article-mar-4576.html
Gronkjaer agrees switch to Madrid,sport,article-mar-2382.html
Half of UK's mobiles 'go online',technology,article-mar-0012.html
Hantuchova in Dubai last eight,sport,article-mar-4343.html
Have hackers recruited your PC?,technology,article-mar-3567.html
Healey targets England comeback,sport,article-mar-1674.html
High fuel costs hit US airlines,business,article-mar-3810.html
High fuel prices hit BA's profits,business,article-mar-3301.html
Hotspot users gain free net calls,technology,article-mar-2795.html
House prices drop as sales slow,business,article-mar-3037.html
House prices show slight increase,business,article-mar-1629.html
ITunes user sues Apple over iPod,technology,article-mar-0481.html
India widens access to telecoms,business,article-mar-0388.html
Iran jails blogger for 14 years,technology,article-mar-1453.html
Irish duo could block Man Utd bid,business,article-mar-1606.html
Italy 8-38 Wales,sport,article-mar-1230.html
Johnson uncertain about Euro bid,sport,article-mar-3153.html
Kirwan demands Italy consistency,sport,article-mar-0170.html
Liberian economy starts to grow,business,article-mar-4481.html
Malaysia lifts Islamic bank limit,business,article-mar-4754.html
Man Utd stroll to Cup win,sport,article-mar-3612.html
Man auctions ad space on forehead,technology,article-mar-3927.html
Manufacturing recovery 'slowing',business,article-mar-4340.html
Markets signal Brazilian recovery,business,article-mar-1335.html
Merritt close to indoor 400m mark,sport,article-mar-2040.html
Microsoft debuts security tools,technology,article-mar-0033.html
Microsoft releases patches,technology,article-mar-2536.html
Minister hits out at Yukos sale,business,article-mar-4512.html
Mirza shocks Kuznetsova,sport,article-mar-4615.html
Mourinho receives Robson warning,sport,article-mar-4246.html
Moya emotional after Davis Cup win,sport,article-mar-4861.html
Nasdaq planning $100m share sale,business,article-mar-4279.html
Newcastle 2-1 Bolton,sport,article-mar-4599.html
Newcastle to join Morientes race,sport,article-mar-2276.html
News Corp makes $5.4bn Fox offer,business,article-mar-1739.html
Nigeria to boost cocoa production,business,article-mar-4407.html
Nintendo DS aims to touch gamers,technology,article-mar-3144.html
Novartis hits acquisition trail,business,article-mar-0182.html
Profits stall at China's Lenovo,business,article-mar-2488.html
Putin backs state grab for Yukos,business,article-mar-4584.html
Quiksilver moves for Rossignol,business,article-mar-4102.html
Redknapp poised for Saints,sport,article-mar-3792.html
Robertson out to retain Euro lure,sport,article-mar-0131.html
Seamen sail into biometric future,technology,article-mar-4398.html
Singapore growth at 8.1% in 2004,business,article-mar-0463.html
Slovakia reach Hopman Cup final,sport,article-mar-0029.html
Sociedad set to rescue Mladenovic,sport,article-mar-4749.html
Sony wares win innovation award,technology,article-mar-3392.html
Soros group warns of Kazakh close,business,article-mar-0952.html
Sport-loving inventors whose tech could change the game,technology,article-mar-1203.html
Sprinter Walker quits athletics,sport,article-mar-2048.html
Stock market eyes Japan recovery,business,article-mar-3318.html
Swiss cement firm in buying spree,business,article-mar-2788.html
Text message record smashed,technology,article-mar-4562.html
The pirates with no profit motive,technology,article-mar-0620.html
Tsunami to cost Sri Lanka $1.3bn,business,article-mar-4001.html
UK Athletics agrees new kit deal,sport,article-mar-1599.html
US cyber security chief resigns,technology,article-mar-2785.html
US hacker breaks into T-Mobile,technology,article-mar-1454.html
US industrial output growth eases,business,article-mar-1913.html
"US insurer Marsh cuts 2,500 jobs",business,article-mar-4140.html
US manufacturing expands,business,article-mar-4357.html
US to rule on Yukos refuge call,business,article-mar-4898.html
Van Nistelrooy set to return,sport,article-mar-0550.html
Vickery upbeat about arm injury,sport,article-mar-2508.html
Video phones act as dating tools,technology,article-mar-2039.html
Virgin Blue shares plummet 20%,business,article-mar-4111.html
Wada will appeal against ruling,sport,article-mar-4582.html
Wales critical of clumsy Grewcock,sport,article-mar-3651.html
Wales silent on Grand Slam talk,sport,article-mar-3663.html
Wenger rules out new keeper,sport,article-mar-4500.html
Wenger signs new deal,sport,article-mar-1916.html
