title,category,link
7 business technology trends to watch,business,article-feb-3392.html
A November to remember,sport,article-feb-0704.html
A question of trust and technology,technology,article-feb-0913.html
Ad sales boost Time Warner profit,business,article-feb-3975.html
African double in Edinburgh,sport,article-feb-0641.html
Air passengers win new EU rights,business,article-feb-0608.html
Anti-spam screensaver scrapped,technology,article-feb-4436.html
Arsenal through on penalties,sport,article-feb-0930.html
BP surges ahead on high oil price,business,article-feb-4492.html
Bank holds interest rate at 4.75%,business,article-feb-4474.html
Bank set to leave rates on hold,business,article-feb-4340.html
Bekele sets sights on world mark,sport,article-feb-1116.html
Bitter Santini hits out at Spurs,sport,article-feb-2873.html
Blogs take on the mainstream,technology,article-feb-2303.html
Brewers' profits lose their fizz,business,article-feb-2977.html
Bush to outline 'toughest' budget,business,article-feb-4547.html
Buyers snap up Jet Airways' shares,business,article-feb-3154.html
Cairn shares up on new oil find,business,article-feb-1466.html
Campbell to extend sprint career,sport,article-feb-3116.html
Celtic make late bid for Bellamy,sport,article-feb-3641.html
Charlton 1-2 Liverpool,sport,article-feb-3724.html
Chepkemei joins Edinburgh line-up,sport,article-feb-1553.html
"Chinese billionaire targets Manchester United shares in new deal, reports suggest",business,article-feb-0192.html
Collins calls for Chambers return,sport,article-feb-2830.html
Commodore finds new lease of life,technology,article-feb-2366.html
Creator of first Apple Mac dies,technology,article-feb-3261.html
Cudicini misses Carling Cup final,sport,article-feb-2526.html
Davenport hits out at Wimbledon,sport,article-feb-3097.html
Davies favours Gloucester future,sport,article-feb-1454.html
Deutsche Telekom sees mobile gain,business,article-feb-0258.html
"Dibaba breaks 5,000m world record",sport,article-feb-4548.html
Dogged Federer claims Dubai crown,sport,article-feb-0679.html
Dollar hovers around record lows,business,article-feb-1000.html
Dundee Utd 4-1 Aberdeen,sport,article-feb-1821.html
EC calls truce in deficit battle,business,article-feb-4494.html
EU-US seeking deal on air dispute,business,article-feb-0250.html
Egypt and Israel seal trade deal,business,article-feb-2382.html
Egypt to sell off state-owned bank,business,article-feb-4407.html
El Guerrouj targets cross country,sport,article-feb-3768.html
FA ready to test out goal bleeper,sport,article-feb-3375.html
FBI agent colludes with analyst,business,article-feb-2553.html
Fast moving phone bugs appear,technology,article-feb-2750.html
Ferguson fears Milan cutting edge,sport,article-feb-0829.html
Finnan says Irish can win group,sport,article-feb-3941.html
Fit-again Betsen in France squad,sport,article-feb-1333.html
Five million Germans out of work,business,article-feb-3708.html
Format wars could 'confuse users',technology,article-feb-1684.html
Giggs handed Wales leading role,sport,article-feb-4876.html
Gritty return for Prince of Persia,technology,article-feb-1493.html
Hewitt survives Nalbandian epic,sport,article-feb-0113.html
Honda wins China copyright ruling,business,article-feb-2502.html
India seeks to boost construction,business,article-feb-2351.html
India's Deccan gets more planes,business,article-feb-1245.html
Indy buys into India paper,business,article-feb-2809.html
Intercom raises €101m in funding round making it the most valuable Irish tech firm,business,article-feb-4569.html
Iranian MPs threaten mobile deal,business,article-feb-4323.html
Irish company hit by Iraqi report,business,article-feb-3937.html
Italy aim to rattle England,sport,article-feb-1582.html
Italy to get economic action plan,business,article-feb-1312.html
Juninho demand for O'Neill talks,sport,article-feb-2836.html
Kenyon denies Robben Barca return,sport,article-feb-0505.html
Kerr frustrated at victory margin,sport,article-feb-3556.html
Klinsmann issues Lehmann warning,sport,article-feb-4691.html
LSE 'sets date for takeover deal',business,article-feb-4543.html
Lewis-Francis eyeing world gold,sport,article-feb-3028.html
Lifestyle 'governs mobile choice',technology,article-feb-1960.html
Looks and music to drive mobiles,technology,article-feb-4127.html
Man Utd through after Exeter test,sport,article-feb-4247.html
Martinez sees off Vinci challenge,sport,article-feb-2114.html
Microsoft makes anti-piracy move,technology,article-feb-0571.html
Middlesbrough 2-2 Charlton,sport,article-feb-0451.html
Mido makes third apology,sport,article-feb-1201.html
Millions buy MP3 players in US,technology,article-feb-4578.html
Mixed signals from French economy,business,article-feb-3474.html
Mobile picture power in your pocket,technology,article-feb-4987.html
Moore questions captaincy,sport,article-feb-4718.html
More Africans for tsunami game,sport,article-feb-2135.html
Murphy: That was a bruising battle,sport,article-feb-1118.html
Navratilova hits out at critics,sport,article-feb-4768.html
O'Driscoll out of Scotland game,sport,article-feb-4017.html
O'Gara revels in Ireland victory,sport,article-feb-1005.html
Owen dismisses fresh Real rumours,sport,article-feb-0504.html
PC ownership to 'double by 2010',technology,article-feb-1308.html
Paris promise raises Welsh hopes,sport,article-feb-2371.html
Parmalat sues 45 banks over crash,business,article-feb-3067.html
Progress on new internet domains,technology,article-feb-1134.html
Qantas considers offshore option,business,article-feb-1004.html
Radcliffe tackles marathon tasks,sport,article-feb-0814.html
Rangers seal Old Firm win,sport,article-feb-4229.html
Record fails to lift lacklustre meet,sport,article-feb-0630.html
Record year for Chilean copper,business,article-feb-2030.html
Republic to face China and Italy,sport,article-feb-1336.html
Robben sidelined with broken foot,sport,article-feb-3074.html
Robots learn 'robotiquette' rules,technology,article-feb-1812.html
Rolling out next generation's net,technology,article-feb-1149.html
Russia WTO talks 'make progress',business,article-feb-0800.html
Screensaver tackles spam websites,technology,article-feb-2206.html
Slim PlayStation triples sales,technology,article-feb-0110.html
Standard Life concern at LSE bid,business,article-feb-3700.html
"Steel firm 'to cut' 45,000 jobs",business,article-feb-4539.html
Stuart joins Norwich from Addicks,sport,article-feb-0707.html
Sun offers processing by the hour,technology,article-feb-2055.html
Tech helps disabled speed demons,technology,article-feb-4838.html
Telewest to challenge Sky Plus,technology,article-feb-2802.html
Thanou bullish over drugs hearing,sport,article-feb-2640.html
The Force is strong in Battlefront,technology,article-feb-4399.html
The gaming world in 2005,technology,article-feb-0406.html
Turkey knocks six zeros off lira,business,article-feb-2304.html
UK Coal plunges into deeper loss,business,article-feb-2170.html
US trade gap ballooned in October,business,article-feb-3783.html
Unilever shake up as profit slips,business,article-feb-4402.html
Wales get Williams fitness boost,sport,article-feb-1028.html
Wales stars need a rest - Ruddock,sport,article-feb-2316.html
Wall Street cool to eBay's profit,business,article-feb-0243.html
Warnings about junk mail deluge,technology,article-feb-2017.html
Web radio takes Spanish rap global,technology,article-feb-2660.html
Wenger shock at Newcastle dip,sport,article-feb-0224.html
When invention turns to innovation,technology,article-feb-2955.html
Who do you think you are?,technology,article-feb-4616.html
Wilkinson to miss Ireland match,sport,article-feb-0576.html
Winn-Dixie files for bankruptcy,business,article-feb-0519.html
Yukos sues four firms for $20bn,business,article-feb-1952.html
