title,category,link
21st-Century Sports: How Digital Technology Is Changing the Face Of The Sporting Industry,technology,article-jan-0418.html
Asian quake hits European shares,business,article-jan-0027.html
BT offers free net phone calls,technology,article-jan-0631.html
Barclays shares up on merger talk,business,article-jan-2105.html
Barkley fit for match in Ireland,sport,article-jan-3300.html
Bellamy under new fire,sport,article-jan-4187.html
Benitez 'to launch Morientes bid',sport,article-jan-1974.html
Benitez delight after crucial win,sport,article-jan-3666.html
Big war games battle it out,technology,article-jan-2629.html
British Library gets wireless net,technology,article-jan-2415.html
Brizzel to run AAA's in Sheffield,sport,article-jan-4210.html
Bush budget seeks deep cutbacks,business,article-jan-4789.html
Bush to get 'tough' on deficit,business,article-jan-3452.html
Cable offers video-on-demand,technology,article-jan-2428.html
Cabs collect mountain of mobiles,technology,article-jan-4766.html
Camera phones are 'must-haves',technology,article-jan-2595.html
Card fraudsters 'targeting web',business,article-jan-2935.html
Cash gives way to flexible friend,business,article-jan-0578.html
Cebit opens to mobile music tune,technology,article-jan-3023.html
Charvis set to lose fitness bid,sport,article-jan-2356.html
Chelsea hold Arsenal,sport,article-jan-1023.html
Christmas sales worst since 1981,business,article-jan-0641.html
Clijsters set for February return,sport,article-jan-2461.html
Clyde 0-5 Celtic,sport,article-jan-4541.html
Coach Ranieri sacked by Valencia,sport,article-jan-1259.html
Confusion over high-definition TV,technology,article-jan-4007.html
Cuba winds back economic clock,business,article-jan-4171.html
DS aims to touch gamers,technology,article-jan-0272.html
Dawson set for new Wasps contract,sport,article-jan-4894.html
Diageo to buy US wine firm,business,article-jan-4504.html
Digital guru floats sub-$100 PC,technology,article-jan-1740.html
EU aiming to fuel development aid,business,article-jan-2390.html
England 17-18 France,sport,article-jan-4471.html
Enron bosses in $168m payout,business,article-jan-3978.html
Euronext 'poised to make LSE bid',business,article-jan-2209.html
Europe asks Asia for euro help,business,article-jan-0858.html
Europe blames US over weak dollar,business,article-jan-3187.html
Fannie Mae 'should restate books',business,article-jan-1282.html
Featured: 'Brainwave' cap controls computer,technology,article-jan-3414.html
Featured: 'Evil twin' fear for wireless net,technology,article-jan-2289.html
Featured: 'Friends fear' with lost mobiles,technology,article-jan-1899.html
Featured: 'Post-Christmas lull' in lending,business,article-jan-3686.html
Fed warns of more US rate rises,business,article-jan-3679.html
Federer forced to dig deep,sport,article-jan-1469.html
Ferguson puts faith in youngsters,sport,article-jan-4815.html
GE sees 'excellent' world economy,business,article-jan-1761.html
GM issues 2005 profits warning,business,article-jan-4519.html
Gangsters dominate gaming chart,technology,article-jan-0248.html
Gardener wins double in Glasgow,sport,article-jan-1280.html
Gazprom 'in $36m back-tax claim',business,article-jan-0154.html
German growth goes into reverse,business,article-jan-4182.html
Germany calls for EU reform,business,article-jan-3155.html
Go-ahead for new internet names,technology,article-jan-0502.html
Greek duo cleared in doping case,sport,article-jan-1027.html
Hansen 'delays return until 2006',sport,article-jan-3810.html
Henman & Murray claim LTA awards,sport,article-jan-1481.html
Henman decides to quit Davis Cup,sport,article-jan-2551.html
Hi-tech posters guide commuters,technology,article-jan-0989.html
Hodgson shoulders England blame,sport,article-jan-0633.html
Hollywood to sue net film pirates,technology,article-jan-1566.html
Holmes secures comeback victory,sport,article-jan-0791.html
House prices suffer festive fall,business,article-jan-2691.html
IAAF launches fight against drugs,sport,article-jan-3650.html
India-Pakistan peace boosts trade,business,article-jan-1867.html
Iraqi voters turn to economic issues,business,article-jan-2835.html
Jansen suffers a further setback,sport,article-jan-1079.html
Latest Opera browser gets vocal,technology,article-jan-4592.html
Laura Ashley chief stepping down,business,article-jan-4111.html
Learning to love broadband,technology,article-jan-0599.html
Mac Mini heralds mini revolution,technology,article-jan-0969.html
Macy's owner buys rival for $11bn,business,article-jan-2042.html
Madagascar completes currency switch,business,article-jan-0050.html
McLeish ready for criticism,sport,article-jan-4860.html
Mobile games come of age,technology,article-jan-0180.html
More power to the people says HP,technology,article-jan-1582.html
Mourinho sends out warning shot,sport,article-jan-4456.html
Moya suffers shock loss,sport,article-jan-3002.html
Moyes U-turn on Beattie dismissal,sport,article-jan-2380.html
Murray returns to Scotland fold,sport,article-jan-3243.html
Mystery surrounds new Yukos owner,business,article-jan-3151.html
Off-colour Gardener storms to win,sport,article-jan-2619.html
Oil companies get Russian setback,business,article-jan-1811.html
Owen may have to return home,sport,article-jan-3831.html
Pearce keen on succeeding Keegan,sport,article-jan-4567.html
Poles play with GameBoy 'blip-pop',technology,article-jan-3938.html
Premier League probes Cole claims,sport,article-jan-4175.html
Prodigy Monfils blows away Gaudio,sport,article-jan-0237.html
Remote control rifle range debuts,technology,article-jan-0924.html
Robinson ready for difficult task,sport,article-jan-1731.html
Row brewing over peer-to-peer ads,technology,article-jan-3981.html
Rusedski angry over supplements,sport,article-jan-2769.html
S Korean lender faces liquidation,business,article-jan-2140.html
SFA awaits report over Mikoliunas,sport,article-jan-3329.html
Safin cool on Wimbledon,sport,article-jan-1087.html
Safin plays down Wimbledon hopes,sport,article-jan-0480.html
Satellite mapping aids Darfur relief,technology,article-jan-2591.html
Search sites get closer to users,technology,article-jan-2407.html
Security scares spark browser fix,technology,article-jan-1520.html
Senior Fannie Mae bosses resign,business,article-jan-3036.html
Solutions to net security fears,technology,article-jan-1051.html
Split-caps pay £194m compensation,business,article-jan-2864.html
Sports Stock Tips,sport,article-jan-4078.html
Strong quarterly growth for Nike,business,article-jan-0269.html
T-Mobile bets on 'pocket office',technology,article-jan-1728.html
Thanou desperate to make return,sport,article-jan-0976.html
Thompson says Gerrard should stay,sport,article-jan-3315.html
Time to get tough on friendlies?,sport,article-jan-3425.html
US peer-to-peer pirates convicted,technology,article-jan-1296.html
US top of supercomputing charts,technology,article-jan-4675.html
Venezuela and China sign oil deal,business,article-jan-3694.html
Weak end-of-year sales hit Next,business,article-jan-1550.html
Williams says he will never quit,sport,article-jan-1587.html
Winemaker rejects Foster's offer,business,article-jan-0587.html
Worldcom boss 'left books alone',business,article-jan-1650.html
Xbox 2 may be unveiled in summer,technology,article-jan-0867.html
Xbox power cable 'fire fear',technology,article-jan-0457.html
Yangtze Electric's profits double,business,article-jan-2075.html
Yukos loses US bankruptcy battle,business,article-jan-3244.html
