title,category,link
A need to limit foreign numbers,sport,article-oct-3861.html
Apple iPod family expands market,technology,article-oct-0443.html
Apple sues 'Tiger' file sharers,technology,article-oct-0777.html
Apple sues to stop product leaks,technology,article-oct-1914.html
Athens memories soar above lows,sport,article-oct-2035.html
Ban hits Half-Life 2 pirates hard,technology,article-oct-0709.html
Bath faced with Tindall ultimatum,sport,article-oct-1226.html
Bellamy fined after row,sport,article-oct-0945.html
Brazil approves bankruptcy reform,business,article-oct-1295.html
Britain boosted by Holmes double,sport,article-oct-4199.html
Britons fed up with net service,technology,article-oct-0924.html
Cactus diet deal for Phytopharm,business,article-oct-3880.html
Call centre users 'lose patience',business,article-oct-3790.html
Call for Kenteris to be cleared,sport,article-oct-3326.html
Call for action on internet scam,technology,article-oct-1924.html
Camera phones are 'must-haves',technology,article-oct-3040.html
China's Shanda buys stake in Sina,business,article-oct-1787.html
Chip maker backs net phone calls,technology,article-oct-2701.html
Cole refuses to blame van Persie,sport,article-oct-2317.html
Collins appeals against drugs ban,sport,article-oct-0300.html
Consumers drive French economy,business,article-oct-4879.html
Crusaders 2-3 Ballymena United,sport,article-oct-0163.html
Desailly backs Blues revenge trip,sport,article-oct-4089.html
Digital guru floats sub-$100 PC,technology,article-oct-4812.html
Doors open at biggest gadget fair,technology,article-oct-4850.html
Double injury blow strikes Wales,sport,article-oct-3470.html
EU software patent law faces axe,technology,article-oct-4758.html
Ebbers 'aware' of WorldCom fraud,business,article-oct-2145.html
England given tough Sevens draw,sport,article-oct-3548.html
Europe backs digital TV lifestyle,technology,article-oct-3256.html
Executive trio leave Aer Lingus,business,article-oct-4836.html
FA Cup losing its sheen,sport,article-oct-2748.html
Fast moving phone viruses appear,technology,article-oct-0832.html
Featured: 'Standoff' on Deutsche's LSE bid,business,article-oct-2828.html
Featured: 'Ultimate game' award for Doom 3,technology,article-oct-0817.html
Federer joins all-time greats,sport,article-oct-2348.html
Formula 1: US-Qatari investors 'to bid for sport',sport,article-oct-1261.html
Fosters buys stake in winemaker,business,article-oct-0898.html
French consumer spending rising,business,article-oct-1441.html
Games 'deserve a place in class',technology,article-oct-0064.html
Gatlin and Hayes win Owen awards,sport,article-oct-2801.html
German bidder in talks with LSE,business,article-oct-2209.html
Global blogger action day called,technology,article-oct-2955.html
Greece defy the odds at Euro 2004,sport,article-oct-3459.html
Greek pair set for hearing,sport,article-oct-4140.html
Halo fans' hope for sequel,technology,article-oct-4990.html
Hariri killing hits Beirut shares,business,article-oct-3207.html
Hodgson relishes European clashes,sport,article-oct-0844.html
Hong Kong in 2011 World Cup bid,sport,article-oct-2177.html
IAAF will contest Greek decision,sport,article-oct-3103.html
IBM puts cash behind Linux push,technology,article-oct-4815.html
IMF agrees fresh Turkey funding,business,article-oct-4038.html
India and Iran in gas export deal,business,article-oct-1049.html
India power shares jump on debut,business,article-oct-1011.html
India's Deccan seals $1.8bn deal,business,article-oct-0417.html
Indian oil firm eyes Yukos assets,business,article-oct-3162.html
Israeli economy picking up pace,business,article-oct-0421.html
Japan bank shares up on link talk,business,article-oct-2333.html
Japanese mogul arrested for fraud,business,article-oct-4803.html
Kewell waits as injury drags on,sport,article-oct-1193.html
Khodorkovsky ally denies charges,business,article-oct-4546.html
Leeds v Saracens (Fri),sport,article-oct-0057.html
Liverpool pledge to keep Gerrard,sport,article-oct-4981.html
Llewellyn plans Wales retirement,sport,article-oct-4914.html
Lloyd's of London head chides FSA,business,article-oct-1753.html
Mauresmo opens with victory in LA,sport,article-oct-2102.html
Metlife buys up Citigroup insurer,business,article-oct-2774.html
Microsoft seeking spyware trojan,technology,article-oct-4605.html
Mobile audio enters new dimension,technology,article-oct-3910.html
Mobile networks seek turbo boost,technology,article-oct-2454.html
Movie body targets children's PCs,technology,article-oct-0059.html
Napster offers rented music to go,technology,article-oct-0992.html
New business technology trends,technology,article-oct-2740.html
Nike defends under-fire football,sport,article-oct-2886.html
Nintendo handheld given Euro date,technology,article-oct-4166.html
Nissan names successor to Ghosn,business,article-oct-2188.html
Nuclear body seeks new tech,technology,article-oct-4084.html
Oil prices reach three-month low,business,article-oct-2574.html
Open source leaders slam patents,technology,article-oct-3663.html
Owen determined to stay in Madrid,sport,article-oct-2181.html
Owen set for skipper role,sport,article-oct-0999.html
Peer-to-peer nets 'here to stay',technology,article-oct-2121.html
Pension hitch for long-living men,business,article-oct-2094.html
Radcliffe enjoys winning comeback,sport,article-oct-2301.html
Reboot ordered for EU patent law,technology,article-oct-0815.html
Relay squad thrilled with honours,sport,article-oct-3222.html
Reyes tricked into Real admission,sport,article-oct-4804.html
Rings of steel combat net attacks,technology,article-oct-1215.html
Rivals back anti-racism campaign,sport,article-oct-2080.html
Ryanair in $4bn Boeing plane deal,business,article-oct-0412.html
SA supports Fifa control,sport,article-oct-3387.html
Safin relieved at Aussie recovery,sport,article-oct-3524.html
Scotland 18-10 Italy,sport,article-oct-0580.html
Sculthorpe wants Lions captaincy,sport,article-oct-0746.html
Sluggish economy hits German jobs,business,article-oct-1921.html
Souness backs Smith for Scotland,sport,article-oct-0382.html
Speak easy plan for media players,technology,article-oct-1007.html
Steady job growth continues in US,business,article-oct-3749.html
Sun offers processing by the hour,technology,article-oct-3029.html
Supercomputer breaks speed record,technology,article-oct-0721.html
TV future in the hands of viewers,technology,article-oct-0108.html
Tate & Lyle boss bags top award,business,article-oct-3547.html
Taylor poised for Scotland return,sport,article-oct-0113.html
Tevez - an Argentine in Brazil,sport,article-oct-0512.html
Tough rules for ringtone sellers,technology,article-oct-1276.html
Tsunami cost hits Jakarta shares,business,article-oct-0911.html
Two Nigerian banks set to merge,business,article-oct-2527.html
UK net users leading TV downloads,technology,article-oct-0621.html
US bank 'loses' customer details,business,article-oct-1756.html
US duo in first spam conviction,technology,article-oct-3563.html
US firm pulls out of Iraq,business,article-oct-3862.html
US gives foreign firms extra time,business,article-oct-2448.html
US prepares for hybrid onslaught,business,article-oct-1751.html
Van Nistelrooy hungry for return,sport,article-oct-1516.html
WMC profits up amid bid criticism,business,article-oct-3160.html
Web logs aid disaster recovery,technology,article-oct-0660.html
Wenger offers Mutu hope,sport,article-oct-2835.html
What now for Kelly Holmes?,sport,article-oct-4649.html
"Why technology in sport poses a threat to keeping the game fair, safe and affordable",sport,article-oct-3920.html
Williams battles to Aussie title,sport,article-oct-2293.html
WorldCom director admits lying,business,article-oct-2189.html
Yukos bankruptcy 'not US matter',business,article-oct-4749.html
