title,category,link
2D Metal Slug offers retro fun,technology,article-jun-1972.html
Anti-spam laws bite spammer hard,technology,article-jun-1987.html
Apple laptop is 'greatest gadget',technology,article-jun-0716.html
Apple makes blogs reveal sources,technology,article-jun-2935.html
Apple unveils low-cost 'Mac mini',technology,article-jun-4840.html
Arsenal 'may seek full share listing',business,article-jun-4479.html
BA to suspend two Saudi services,business,article-jun-1568.html
BMW drives record sales in Asia,business,article-jun-1579.html
BT offers equal access to rivals,business,article-jun-3219.html
Barwick calls for Highbury calm,sport,article-jun-1778.html
Barwick installed as new FA boss,sport,article-jun-1644.html
Be careful how you code,technology,article-jun-2609.html
Beer giant swallows Russian firm,business,article-jun-1346.html
Blinx sequel purrs nicely,technology,article-jun-3633.html
Bombardier chief to leave company,business,article-jun-3298.html
Bond game fails to shake or stir,technology,article-jun-3624.html
Britannia members' £42m windfall,business,article-jun-0532.html
California sets fines for spyware,technology,article-jun-2071.html
Call to save manufacturing jobs,business,article-jun-1491.html
Can Smith work Scottish wonders?,sport,article-jun-1294.html
Cebit fever takes over Hanover,technology,article-jun-1801.html
Chelsea clinch cup in extra-time,sport,article-jun-4596.html
China 'to overtake US net use',technology,article-jun-4483.html
China bans new tobacco factories,business,article-jun-0384.html
Davenport dismantles young rival,sport,article-jun-3025.html
Disaster claims 'less than $10bn',business,article-jun-3207.html
Dollar drops on reserves concerns,business,article-jun-3422.html
EU 'too slow' on economic reforms,business,article-jun-3285.html
English clubs make Euro history,sport,article-jun-1131.html
Ex-Boeing director gets jail term,business,article-jun-4266.html
FA decides not to punish Mourinho,sport,article-jun-4362.html
Fast lifts rise into record books,technology,article-jun-0537.html
Featured: 'Blog' picked as word of the year,technology,article-jun-1448.html
Featured: 'Brainwave' cap controls computer,technology,article-jun-4007.html
Featured: 'Podcasters' look to net money,technology,article-jun-3887.html
Fresh hope after Argentine crisis,business,article-jun-3406.html
Gadget market 'to grow in 2005',technology,article-jun-2920.html
Gates opens biggest gadget fair,technology,article-jun-2699.html
Gebrselassie in London triple bid,sport,article-jun-0332.html
Gerrard plays down European hopes,sport,article-jun-4500.html
Giant waves damage S Asia economy,business,article-jun-1482.html
Giving financial gifts to children,business,article-jun-0787.html
Golden rule boost for Chancellor,business,article-jun-2022.html
Henman hopes ended in Dubai,sport,article-jun-3687.html
Hitachi unveils 'fastest robot',technology,article-jun-3700.html
Hotspot users gain free net calls,technology,article-jun-3528.html
"How Manchester United, Knicks Wins Correlate With Stock Gains",business,article-jun-2557.html
Hyundai to build new India plant,business,article-jun-2381.html
Industrial revival hope for Japan,business,article-jun-1633.html
Insurance bosses plead guilty,business,article-jun-4342.html
Iraq and Afghanistan in WTO talks,business,article-jun-4535.html
Ireland surge past Scots,sport,article-jun-1155.html
Italy 17-28 Ireland,sport,article-jun-0553.html
JP Morgan admits US slavery links,business,article-jun-1387.html
Keegan hails comeback king Fowler,sport,article-jun-2401.html
Kenyan school turns to handhelds,technology,article-jun-4329.html
Long life promised for laptop PCs,technology,article-jun-1532.html
M&S cuts prices by average of 24%,business,article-jun-1434.html
MCI shareholder sues to stop bid,business,article-jun-2521.html
Market unfazed by Aurora setback,business,article-jun-2097.html
Microsoft takes on desktop search,technology,article-jun-2226.html
Millions 'to lose textile jobs',business,article-jun-4453.html
Mobile networks seek turbo boost,technology,article-jun-4509.html
Mobiles 'not media players yet',technology,article-jun-2467.html
Mobiles double up as bus tickets,technology,article-jun-1038.html
Mobiles rack up 20 years of use,technology,article-jun-2420.html
Mourinho takes swipe at Arsenal,sport,article-jun-4994.html
Mourinho to escape FA charge,sport,article-jun-3434.html
Net regulation 'still possible',technology,article-jun-4410.html
New delay hits EU software laws,technology,article-jun-0925.html
Newest EU members underpin growth,business,article-jun-1788.html
No lack of Christmas spirit,sport,article-jun-0749.html
O'Driscoll/Gregan lead Aid stars,sport,article-jun-4657.html
Optimism remains over UK housing,business,article-jun-2787.html
Orange colour clash set for court,business,article-jun-2319.html
Owen delighted with Real display,sport,article-jun-1141.html
Pandas benefit from wireless net,technology,article-jun-4805.html
Parents face video game lessons,technology,article-jun-0101.html
Petit career ended by knee injury,sport,article-jun-4636.html
Plymouth 3-0 Sheff Utd,sport,article-jun-1885.html
Preview: Ireland v England (Sun),sport,article-jun-1112.html
Prinz beats Hamm to Fifa trophy,sport,article-jun-4470.html
Profits slide at India's Dr Reddy,business,article-jun-3966.html
Prutton poised for lengthy FA ban,sport,article-jun-1668.html
Rivals of the £400 Apple...,technology,article-jun-1940.html
Robinson answers critics,sport,article-jun-0693.html
Rochus shocks Coria in Auckland,sport,article-jun-0583.html
"Rover deal 'may cost 2,000 jobs'",business,article-jun-4042.html
Running around the Olympics,sport,article-jun-1150.html
SA unveils 'more for all' budget,business,article-jun-0829.html
SBC plans post-takeover job cuts,business,article-jun-4361.html
Safety alert as GM recalls cars,business,article-jun-2660.html
Saudi ministry to employ women,business,article-jun-3293.html
Savvy searchers fail to spot ads,technology,article-jun-4523.html
Shares hit by MS drug suspension,business,article-jun-2536.html
Slowdown hits US factory growth,business,article-jun-0684.html
Spam e-mails tempt net shoppers,technology,article-jun-3126.html
Text messages aid disaster recovery,technology,article-jun-1396.html
The wonder of Ronaldinho,sport,article-jun-3380.html
The year search became personal,technology,article-jun-3599.html
Tomlinson stays focused on Europe,sport,article-jun-0780.html
US bank boss hails 'genius' Smith,business,article-jun-0505.html
US consumer confidence up,business,article-jun-2320.html
US trade deficit widens sharply,business,article-jun-3360.html
Uefa threat over foreign quotas,sport,article-jun-1094.html
Ukraine steel sell-off 'illegal',business,article-jun-2505.html
Ukraine trims privatisation check,business,article-jun-2405.html
Venus stunned by Farina Elia,sport,article-jun-4106.html
Video technology will not make football a mistake-free sport,sport,article-jun-0039.html
Warning over Windows Word files,technology,article-jun-2519.html
Weak dollar trims Cadbury profits,business,article-jun-1446.html
Web helps collect aid donations,technology,article-jun-1293.html
Wenger handed summer war chest,sport,article-jun-4259.html
When technology gets personal,technology,article-jun-4520.html
