title,category,link
Air China in $1bn London listing,business,article-may-0284.html
Angry Williams rejects criticism,sport,article-may-3980.html
Apple Inc. Phone Pricing Likely To Trend Lower,business,article-may-2027.html
Argentina closes $102.6bn debt swap,business,article-may-2024.html
AstraZeneca hit by drug failure,business,article-may-2738.html
Balco case trial date pushed back,sport,article-may-4424.html
Battered dollar hits another low,business,article-may-2659.html
Beckham hints at Man Utd return,sport,article-may-4512.html
Benitez joy as Reds take control,sport,article-may-0131.html
Blind student 'hears in colour',technology,article-may-2874.html
Blogger grounded by her airline,technology,article-may-2905.html
Brazil jobless rate hits new low,business,article-may-1663.html
Broadband set to revolutionise TV,technology,article-may-1702.html
Bush website blocked outside US,technology,article-may-4777.html
Business confidence dips in Japan,business,article-may-2166.html
Businesses fail to plan for HIV,business,article-may-1662.html
Campese berates whingeing England,sport,article-may-1837.html
Cech sets clean-sheet benchmark,sport,article-may-1887.html
China 'blocks Google news site',technology,article-may-3273.html
China continues rapid growth,business,article-may-2294.html
Circuit City gets takeover offer,business,article-may-3257.html
Claxton hunting first major medal,sport,article-may-2723.html
Consumer concern over RFID tags,technology,article-may-1549.html
Continental 'may run out of cash',business,article-may-0149.html
Deadline nears for Fiat-GM deal,business,article-may-2122.html
Deutsche Boerse set to 'woo' LSE,business,article-may-4336.html
Domain system scam fear,technology,article-may-0706.html
Doors open at biggest gadget fair,technology,article-may-0573.html
Dunne keen to commit to Man City,sport,article-may-2915.html
EMI shares hit by profit warning,business,article-may-1785.html
EU to probe Alitalia 'state aid',business,article-may-1306.html
England 'to launch ref protest',sport,article-may-2222.html
Faye plans to stay at Portsmouth,sport,article-may-1674.html
Featured: 'Strong dollar' call halts slide,business,article-may-3633.html
Ferguson hails Man Utd's resolve,sport,article-may-3723.html
Fuming Robinson blasts officials,sport,article-may-2499.html
Further rise in UK jobless total,business,article-may-2400.html
Gadget growth fuels eco concerns,technology,article-may-2476.html
Gadget show heralds MP3 season,technology,article-may-2112.html
Games win for Blu-ray DVD format,technology,article-may-2581.html
German business confidence slides,business,article-may-2727.html
Gerrard future not decided by Cardiff loss,sport,article-may-0713.html
Halo 2 sells five million copies,technology,article-may-4324.html
Henin-Hardenne beaten on comeback,sport,article-may-4280.html
Hewitt falls to Dent in Adelaide,sport,article-may-0143.html
How to smash a home computer,technology,article-may-2440.html
Ireland call up uncapped Campbell,sport,article-may-1036.html
Israel looks to US for bank chief,business,article-may-0966.html
Keane defiant over Vieira bust-up,sport,article-may-4655.html
Kenya lift Chepkemei's suspension,sport,article-may-2796.html
Kraft cuts snack ads for children,business,article-may-0305.html
Lesotho textile workers lose jobs,business,article-may-2491.html
Lomu relishing return to action,sport,article-may-2781.html
Lufthansa may sue over Bush visit,business,article-may-1795.html
MCI shares climb on takeover bid,business,article-may-0332.html
MG Rover China tie-up 'delayed',business,article-may-4014.html
Making your office work for you,business,article-may-4886.html
McIlroy continues winning streak,sport,article-may-4104.html
Mobile TV tipped as one to watch,technology,article-may-1112.html
Monsanto fined $1.5m for bribery,business,article-may-0180.html
Moving mobile improves golf swing,technology,article-may-1740.html
Nadal puts Spain 2-0 up,sport,article-may-4133.html
Nasdaq planning $100m-share sale,business,article-may-0916.html
New Year's texting breaks record,technology,article-may-3761.html
New consoles promise big problems,technology,article-may-4517.html
Nintendo DS makes its Euro debut,technology,article-may-1326.html
O'Connor aims to grab opportunity,sport,article-may-0373.html
O'Leary agrees new Villa contract,sport,article-may-4484.html
O'Sullivan keeps his powder dry,sport,article-may-4229.html
Online commons to spark debate,technology,article-may-4474.html
Online games play with politics,technology,article-may-1687.html
Parmalat founder offers apology,business,article-may-1905.html
Parmalat to return to stockmarket,business,article-may-2611.html
Peer-to-peer nets 'here to stay',technology,article-may-4895.html
Pernod takeover talk lifts Domecq,business,article-may-0016.html
Profits jump at China's top bank,business,article-may-1238.html
Prop Jones ready for hard graft,sport,article-may-1947.html
Qatar and Shell in $6bn gas deal,business,article-may-2512.html
Quake's economic costs emerging,business,article-may-1598.html
Real in talks over Gravesen move,sport,article-may-4585.html
Rescue hope for Borussia Dortmund,business,article-may-4874.html
Robben and Cole earn Chelsea win,sport,article-may-0488.html
Robotic pods take on car design,technology,article-may-0292.html
Roddick in talks over new coach,sport,article-may-3235.html
SEC to rethink post-Enron rules,business,article-may-1464.html
Santy worm makes unwelcome visit,technology,article-may-2443.html
Seamen sail into biometric future,technology,article-may-2260.html
Serena becomes world number two,sport,article-may-3908.html
Smith aims to bring back respect,sport,article-may-2514.html
Soaring oil 'hits world economy',business,article-may-0985.html
Software watching while you work,technology,article-may-3855.html
Sony PSP console hits US in March,technology,article-may-0057.html
TV calls after Carroll error,sport,article-may-0549.html
TV's future down the phone line,technology,article-may-0738.html
The 'ticking budget' facing the US,business,article-may-1288.html
Train strike grips Buenos Aires,business,article-may-2467.html
UK broadband gets speed injection,technology,article-may-2263.html
US adds more jobs than expected,business,article-may-0648.html
US economy shows solid GDP growth,business,article-may-3222.html
US economy still growing says Fed,business,article-may-1355.html
US in EU tariff chaos trade row,business,article-may-3184.html
US retail sales surge in December,business,article-may-2365.html
US trade gap hits record in 2004,business,article-may-0720.html
Ukraine revisits state sell-offs,business,article-may-3287.html
Underdogs have more fun,sport,article-may-2299.html
VW considers opening Indian plant,business,article-may-0748.html
Wal-Mart to pay $14m in gun suit,business,article-may-4097.html
Wasps 31-37 Leicester,sport,article-may-2131.html
What high-definition will do to DVDs,technology,article-may-3461.html
Why Cell will get the hard sell,technology,article-may-4326.html
Wilkinson fit to face Edinburgh,sport,article-may-2814.html
Wilkinson return 'unlikely',sport,article-may-2271.html
Yahoo celebrates a decade online,technology,article-may-3619.html
Yahoo moves into desktop search,technology,article-may-0996.html
