title,category,link
Adriano's Chelsea link rejected,sport,article-sep-1375.html
Alfa Romeos 'to get GM engines',business,article-sep-3874.html
Amex shares up on spin-off news,business,article-sep-0096.html
Apple attacked over sources row,technology,article-sep-3814.html
Aragones angered by racism fine,sport,article-sep-4619.html
Asian banks halt dollar's slide,business,article-sep-3639.html
Attack prompts Bush site block,technology,article-sep-4996.html
Beckham relief as Real go through,sport,article-sep-3370.html
Beckham's chat reigns in Spain,sport,article-sep-0503.html
Blatter suggests offside change,sport,article-sep-4426.html
Bomb threat at Bernabeu stadium,sport,article-sep-1785.html
Bristol City 2-1 Milton Keynes,sport,article-sep-3918.html
Cairn Energy in Indian gas find,business,article-sep-0401.html
Campbell lifts lid on United feud,sport,article-sep-2816.html
Can Yahoo dominate next decade?,technology,article-sep-3016.html
Cars pull down US retail figures,business,article-sep-2767.html
Chelsea 3-0 Portsmouth,sport,article-sep-4852.html
Chepkemei hit by big ban,sport,article-sep-1803.html
Chinese dam firm 'defies Beijing',business,article-sep-0386.html
Concern over RFID tags,technology,article-sep-3587.html
Davenport puts retirement on hold,sport,article-sep-1349.html
Dollar hits new low versus euro,business,article-sep-3570.html
Domain system opens door to scams,technology,article-sep-4970.html
"Dutch bank to lay off 2,850 staff",business,article-sep-0920.html
Edgy Agassi struggles past Dent,sport,article-sep-4665.html
Edwards tips Idowu for Euro gold,sport,article-sep-3053.html
Electronics firms eye plasma deal,business,article-sep-4093.html
England claim Dubai Sevens glory,sport,article-sep-1145.html
England's defensive crisis grows,sport,article-sep-3077.html
Ericsson sees earnings improve,business,article-sep-2562.html
FAO warns on impact of subsidies,business,article-sep-4352.html
Faultless Federer has no equal,sport,article-sep-2859.html
Fear will help France - Laporte,sport,article-sep-3900.html
Featured: 'No re-draft' for EU patent law,technology,article-sep-3760.html
Ferguson urges Henry punishment,sport,article-sep-2440.html
Ferrero eyes return to top form,sport,article-sep-2872.html
Fiat chief takes steering wheel,business,article-sep-4414.html
Football Manager scores big time,technology,article-sep-4877.html
Freeze on anti-spam campaign,technology,article-sep-3592.html
French suitor holds LSE meeting,business,article-sep-0022.html
Funding cut hits Wales Students,sport,article-sep-0232.html
Gadget show heralds MP3 Christmas,technology,article-sep-1748.html
Games firms 'face tough future',technology,article-sep-4345.html
Georgia plans hidden asset pardon,business,article-sep-1443.html
German jobless rate at new record,business,article-sep-4275.html
Gerrard happy at Anfield,sport,article-sep-0555.html
Go-ahead for Balkan oil pipeline,business,article-sep-4613.html
Golden rule 'intact' says ex-aide,business,article-sep-2949.html
Henman overcomes rival Rusedski,sport,article-sep-3287.html
Henry tipped for Fifa award,sport,article-sep-4860.html
Highbury tunnel players in clear,sport,article-sep-3046.html
Holmes urged to compete at Worlds,sport,article-sep-4890.html
How to make a gigapixel picture,technology,article-sep-3678.html
IAAF awaits Greek pair's response,sport,article-sep-3602.html
ID theft surge hits US consumers,business,article-sep-4876.html
India and Russia in energy talks,business,article-sep-4207.html
Indonesia 'declines debt freeze',business,article-sep-1238.html
Intel unveils laser breakthrough,technology,article-sep-4867.html
Iran budget seeks state sell-offs,business,article-sep-0823.html
Iraq to invite phone licence bids,business,article-sep-0254.html
Ireland 17-12 South Africa,sport,article-sep-3264.html
Ireland 21-19 Argentina,sport,article-sep-2587.html
Jarvis sells Tube stake to Spain,business,article-sep-4095.html
Krispy Kreme shares hit,business,article-sep-1406.html
Kuznetsova 'failed a drugs test',sport,article-sep-2272.html
Laporte tinkers with team,sport,article-sep-0584.html
Lions blow to World Cup winners,sport,article-sep-4404.html
Local net TV takes off in Austria,technology,article-sep-1405.html
Losing yourself in online gaming,technology,article-sep-2520.html
Media gadgets get moving,technology,article-sep-4936.html
Mobile gaming takes off in India,technology,article-sep-1696.html
More movies head to Sony's PSP,technology,article-sep-3711.html
More women turn to net security,technology,article-sep-3745.html
Mourinho expects fight to finish,sport,article-sep-0082.html
Moya clinches Cup for Spain,sport,article-sep-3128.html
Newcastle 27-27 Gloucester,sport,article-sep-4623.html
O'Driscoll saves Irish blushes,sport,article-sep-0592.html
O'Sullivan could run in Worlds,sport,article-sep-1313.html
Old Firm pair handed suspensions,sport,article-sep-1672.html
Online News leads interactive Bafta wins,technology,article-sep-0863.html
Palestinian economy in decline,business,article-sep-1411.html
Putting a face to 'Big Brother',technology,article-sep-3583.html
Rich grab half Colombia poor fund,business,article-sep-2426.html
Russia gets investment blessing,business,article-sep-3558.html
Saab to build Cadillacs in Sweden,business,article-sep-1539.html
Security warning over 'FBI virus',technology,article-sep-3347.html
Spain coach faces racism inquiry,sport,article-sep-2082.html
Spam e-mails tempt net shoppers,technology,article-sep-4027.html
Sporting rivals go to extra time,technology,article-sep-4329.html
Standard Life cuts policy bonuses,business,article-sep-4851.html
Stormy year for property insurers,business,article-sep-1519.html
Swap offer for pirated Windows XP,technology,article-sep-1782.html
Sydney return for Henin-Hardenne,sport,article-sep-4130.html
Takeover rumour lifts Exel shares,business,article-sep-2601.html
Tanzania gets Fifa backing,sport,article-sep-0226.html
Technology hijacked sports,technology,article-sep-2914.html
Tough rules for ringtone sellers,technology,article-sep-0174.html
Trial date is set for Balco case,sport,article-sep-4443.html
UK house prices dip in November,business,article-sep-0063.html
UK interest rates held at 4.75%,business,article-sep-4940.html
Venezuela identifies 'idle' farms,business,article-sep-2528.html
Verdict delay for Greek sprinters,sport,article-sep-4107.html
Verizon 'seals takeover of MCI',business,article-sep-2374.html
Vodafone appoints new Japan boss,business,article-sep-3813.html
WMC says Xstrata bid is too low,business,article-sep-2892.html
Warnings on woeful wi-fi security,technology,article-sep-0388.html
Wembley firm won't make a profit,business,article-sep-3414.html
Will Manchester United plc Short Squeeze Soon,business,article-sep-2293.html
Worldcom director ends evidence,business,article-sep-1752.html
Yeading face Newcastle in FA Cup,sport,article-sep-2040.html
Yukos owner sues Russia for $28bn,business,article-sep-0237.html
Yukos unit buyer faces loan claim,business,article-sep-2517.html
